{
	"start":	{
		"connected":	[{
				"socket":	5,
				"local_host":	"192.168.56.11",
				"local_port":	49780,
				"remote_host":	"192.168.56.10",
				"remote_port":	5201
			}],
		"version":	"iperf 3.9",
		"system_info":	"Linux OpenVPN-Client 6.8.0-87-generic #88~22.04.1-Ubuntu SMP PREEMPT_DYNAMIC Tue Oct 14 14:03:14 UTC 2 x86_64",
		"timestamp":	{
			"time":	"Thu, 04 Dec 2025 16:47:17 GMT",
			"timesecs":	1764866837
		},
		"connecting_to":	{
			"host":	"192.168.56.10",
			"port":	5201
		},
		"cookie":	"i7x4gxljqrchtqtdoz6jlzth3qohshmhxkmc",
		"tcp_mss_default":	1448,
		"sock_bufsize":	0,
		"sndbuf_actual":	16384,
		"rcvbuf_actual":	131072,
		"test_start":	{
			"protocol":	"TCP",
			"num_streams":	1,
			"blksize":	131072,
			"omit":	0,
			"duration":	10,
			"bytes":	0,
			"blocks":	0,
			"reverse":	0,
			"tos":	0
		}
	},
	"intervals":	[{
			"streams":	[{
					"socket":	5,
					"start":	0,
					"end":	1.001075,
					"seconds":	1.0010750293731689,
					"bytes":	72948656,
					"bits_per_second":	582962546.1394428,
					"retransmits":	111,
					"snd_cwnd":	236024,
					"rtt":	4026,
					"rttvar":	1818,
					"pmtu":	1500,
					"omitted":	false,
					"sender":	true
				}],
			"sum":	{
				"start":	0,
				"end":	1.001075,
				"seconds":	1.0010750293731689,
				"bytes":	72948656,
				"bits_per_second":	582962546.1394428,
				"retransmits":	111,
				"omitted":	false,
				"sender":	true
			}
		}, {
			"streams":	[{
					"socket":	5,
					"start":	1.001075,
					"end":	2.002919,
					"seconds":	1.001844048500061,
					"bytes":	65515856,
					"bits_per_second":	523162111.69264442,
					"retransmits":	32,
					"snd_cwnd":	330144,
					"rtt":	3792,
					"rttvar":	1646,
					"pmtu":	1500,
					"omitted":	false,
					"sender":	true
				}],
			"sum":	{
				"start":	1.001075,
				"end":	2.002919,
				"seconds":	1.001844048500061,
				"bytes":	65515856,
				"bits_per_second":	523162111.69264442,
				"retransmits":	32,
				"omitted":	false,
				"sender":	true
			}
		}, {
			"streams":	[{
					"socket":	5,
					"start":	2.002919,
					"end":	3.000726,
					"seconds":	0.99780702590942383,
					"bytes":	82188480,
					"bits_per_second":	658952906.651196,
					"retransmits":	141,
					"snd_cwnd":	250504,
					"rtt":	3083,
					"rttvar":	975,
					"pmtu":	1500,
					"omitted":	false,
					"sender":	true
				}],
			"sum":	{
				"start":	2.002919,
				"end":	3.000726,
				"seconds":	0.99780702590942383,
				"bytes":	82188480,
				"bits_per_second":	658952906.651196,
				"retransmits":	141,
				"omitted":	false,
				"sender":	true
			}
		}, {
			"streams":	[{
					"socket":	5,
					"start":	3.000726,
					"end":	4.001134,
					"seconds":	1.0004080533981323,
					"bytes":	87379560,
					"bits_per_second":	698751352.136311,
					"retransmits":	90,
					"snd_cwnd":	278016,
					"rtt":	5160,
					"rttvar":	2358,
					"pmtu":	1500,
					"omitted":	false,
					"sender":	true
				}],
			"sum":	{
				"start":	3.000726,
				"end":	4.001134,
				"seconds":	1.0004080533981323,
				"bytes":	87379560,
				"bits_per_second":	698751352.136311,
				"retransmits":	90,
				"omitted":	false,
				"sender":	true
			}
		}, {
			"streams":	[{
					"socket":	5,
					"start":	4.001134,
					"end":	5.001099,
					"seconds":	0.999965012073517,
					"bytes":	80154432,
					"bits_per_second":	641257892.283992,
					"retransmits":	81,
					"snd_cwnd":	325800,
					"rtt":	3511,
					"rttvar":	1367,
					"pmtu":	1500,
					"omitted":	false,
					"sender":	true
				}],
			"sum":	{
				"start":	4.001134,
				"end":	5.001099,
				"seconds":	0.999965012073517,
				"bytes":	80154432,
				"bits_per_second":	641257892.283992,
				"retransmits":	81,
				"omitted":	false,
				"sender":	true
			}
		}, {
			"streams":	[{
					"socket":	5,
					"start":	5.001099,
					"end":	6.000602,
					"seconds":	0.99950301647186279,
					"bytes":	88018800,
					"bits_per_second":	704500525.156567,
					"retransmits":	180,
					"snd_cwnd":	249056,
					"rtt":	3487,
					"rttvar":	422,
					"pmtu":	1500,
					"omitted":	false,
					"sender":	true
				}],
			"sum":	{
				"start":	5.001099,
				"end":	6.000602,
				"seconds":	0.99950301647186279,
				"bytes":	88018800,
				"bits_per_second":	704500525.156567,
				"retransmits":	180,
				"omitted":	false,
				"sender":	true
			}
		}, {
			"streams":	[{
					"socket":	5,
					"start":	6.000602,
					"end":	7.000545,
					"seconds":	0.99994301795959473,
					"bytes":	83144160,
					"bits_per_second":	665191183.950921,
					"retransmits":	97,
					"snd_cwnd":	194032,
					"rtt":	3244,
					"rttvar":	1685,
					"pmtu":	1500,
					"omitted":	false,
					"sender":	true
				}],
			"sum":	{
				"start":	6.000602,
				"end":	7.000545,
				"seconds":	0.99994301795959473,
				"bytes":	83144160,
				"bits_per_second":	665191183.950921,
				"retransmits":	97,
				"omitted":	false,
				"sender":	true
			}
		}, {
			"streams":	[{
					"socket":	5,
					"start":	7.000545,
					"end":	8.000383,
					"seconds":	0.99983799457550049,
					"bytes":	95068440,
					"bits_per_second":	760670752.7882098,
					"retransmits":	64,
					"snd_cwnd":	282360,
					"rtt":	4765,
					"rttvar":	4123,
					"pmtu":	1500,
					"omitted":	false,
					"sender":	true
				}],
			"sum":	{
				"start":	7.000545,
				"end":	8.000383,
				"seconds":	0.99983799457550049,
				"bytes":	95068440,
				"bits_per_second":	760670752.7882098,
				"retransmits":	64,
				"omitted":	false,
				"sender":	true
			}
		}, {
			"streams":	[{
					"socket":	5,
					"start":	8.000383,
					"end":	9.005157,
					"seconds":	1.00477397441864,
					"bytes":	126475560,
					"bits_per_second":	1006997101.5973296,
					"retransmits":	145,
					"snd_cwnd":	320008,
					"rtt":	4463,
					"rttvar":	2851,
					"pmtu":	1500,
					"omitted":	false,
					"sender":	true
				}],
			"sum":	{
				"start":	8.000383,
				"end":	9.005157,
				"seconds":	1.00477397441864,
				"bytes":	126475560,
				"bits_per_second":	1006997101.5973296,
				"retransmits":	145,
				"omitted":	false,
				"sender":	true
			}
		}, {
			"streams":	[{
					"socket":	5,
					"start":	9.005157,
					"end":	10.000367,
					"seconds":	0.99520999193191528,
					"bytes":	134256848,
					"bits_per_second":	1079224276.9940746,
					"retransmits":	195,
					"snd_cwnd":	246160,
					"rtt":	3300,
					"rttvar":	2706,
					"pmtu":	1500,
					"omitted":	false,
					"sender":	true
				}],
			"sum":	{
				"start":	9.005157,
				"end":	10.000367,
				"seconds":	0.99520999193191528,
				"bytes":	134256848,
				"bits_per_second":	1079224276.9940746,
				"retransmits":	195,
				"omitted":	false,
				"sender":	true
			}
		}],
	"end":	{
		"streams":	[{
				"sender":	{
					"socket":	5,
					"start":	0,
					"end":	10.000367,
					"seconds":	10.000367,
					"bytes":	915150792,
					"bits_per_second":	732093765.75879657,
					"retransmits":	1136,
					"max_snd_cwnd":	330144,
					"max_rtt":	5160,
					"min_rtt":	3083,
					"mean_rtt":	3883,
					"sender":	true
				},
				"receiver":	{
					"socket":	5,
					"start":	0,
					"end":	10.041308,
					"seconds":	10.000367,
					"bytes":	912987536,
					"bits_per_second":	727385345.415159,
					"sender":	true
				}
			}],
		"sum_sent":	{
			"start":	0,
			"end":	10.000367,
			"seconds":	10.000367,
			"bytes":	915150792,
			"bits_per_second":	732093765.75879657,
			"retransmits":	1136,
			"sender":	true
		},
		"sum_received":	{
			"start":	0,
			"end":	10.041308,
			"seconds":	10.041308,
			"bytes":	912987536,
			"bits_per_second":	727385345.415159,
			"sender":	true
		},
		"cpu_utilization_percent":	{
			"host_total":	12.547380576468511,
			"host_user":	0.33847126898927088,
			"host_system":	12.208919217919583,
			"remote_total":	0.51017547135309449,
			"remote_user":	0.015509575737173632,
			"remote_system":	0.4946660069664926
		},
		"sender_tcp_congestion":	"cubic",
		"receiver_tcp_congestion":	"cubic"
	}
}
