{
	"start":	{
		"connected":	[{
				"socket":	5,
				"local_host":	"10.8.0.2",
				"local_port":	50580,
				"remote_host":	"10.8.0.1",
				"remote_port":	5201
			}],
		"version":	"iperf 3.9",
		"system_info":	"Linux OpenVPN-Client 6.8.0-87-generic #88~22.04.1-Ubuntu SMP PREEMPT_DYNAMIC Tue Oct 14 14:03:14 UTC 2 x86_64",
		"timestamp":	{
			"time":	"Thu, 04 Dec 2025 19:54:27 GMT",
			"timesecs":	1764878067
		},
		"connecting_to":	{
			"host":	"10.8.0.1",
			"port":	5201
		},
		"cookie":	"xakbadztwlykvt2layovcs2cqkr7r5355i76",
		"tcp_mss_default":	1273,
		"sock_bufsize":	0,
		"sndbuf_actual":	16384,
		"rcvbuf_actual":	131072,
		"test_start":	{
			"protocol":	"TCP",
			"num_streams":	1,
			"blksize":	131072,
			"omit":	0,
			"duration":	10,
			"bytes":	0,
			"blocks":	0,
			"reverse":	0,
			"tos":	0
		}
	},
	"intervals":	[{
			"streams":	[{
					"socket":	5,
					"start":	0,
					"end":	1.000621,
					"seconds":	1.00062096118927,
					"bytes":	2472166,
					"bits_per_second":	19765054.668147281,
					"retransmits":	0,
					"snd_cwnd":	136211,
					"rtt":	89214,
					"rttvar":	4408,
					"pmtu":	1500,
					"omitted":	false,
					"sender":	true
				}],
			"sum":	{
				"start":	0,
				"end":	1.000621,
				"seconds":	1.00062096118927,
				"bytes":	2472166,
				"bits_per_second":	19765054.668147281,
				"retransmits":	0,
				"omitted":	false,
				"sender":	true
			}
		}, {
			"streams":	[{
					"socket":	5,
					"start":	1.000621,
					"end":	2.000882,
					"seconds":	1.0002609491348267,
					"bytes":	3570765,
					"bits_per_second":	28558667.640387438,
					"retransmits":	0,
					"snd_cwnd":	297882,
					"rtt":	41936,
					"rttvar":	960,
					"pmtu":	1500,
					"omitted":	false,
					"sender":	true
				}],
			"sum":	{
				"start":	1.000621,
				"end":	2.000882,
				"seconds":	1.0002609491348267,
				"bytes":	3570765,
				"bits_per_second":	28558667.640387438,
				"retransmits":	0,
				"omitted":	false,
				"sender":	true
			}
		}, {
			"streams":	[{
					"socket":	5,
					"start":	2.000882,
					"end":	3.00032,
					"seconds":	0.999437987804413,
					"bytes":	7141530,
					"bits_per_second":	57164367.071447171,
					"retransmits":	0,
					"snd_cwnd":	597037,
					"rtt":	92014,
					"rttvar":	641,
					"pmtu":	1500,
					"omitted":	false,
					"sender":	true
				}],
			"sum":	{
				"start":	2.000882,
				"end":	3.00032,
				"seconds":	0.999437987804413,
				"bytes":	7141530,
				"bits_per_second":	57164367.071447171,
				"retransmits":	0,
				"omitted":	false,
				"sender":	true
			}
		}, {
			"streams":	[{
					"socket":	5,
					"start":	3.00032,
					"end":	4.000906,
					"seconds":	1.0005860328674316,
					"bytes":	5453532,
					"bits_per_second":	43602703.382708862,
					"retransmits":	22,
					"snd_cwnd":	504108,
					"rtt":	88259,
					"rttvar":	1299,
					"pmtu":	1500,
					"omitted":	false,
					"sender":	true
				}],
			"sum":	{
				"start":	3.00032,
				"end":	4.000906,
				"seconds":	1.0005860328674316,
				"bytes":	5453532,
				"bits_per_second":	43602703.382708862,
				"retransmits":	22,
				"omitted":	false,
				"sender":	true
			}
		}, {
			"streams":	[{
					"socket":	5,
					"start":	4.000906,
					"end":	5.002389,
					"seconds":	1.0014829635620117,
					"bytes":	3375996,
					"bits_per_second":	26967975.4750293,
					"retransmits":	0,
					"snd_cwnd":	556301,
					"rtt":	338054,
					"rttvar":	1057,
					"pmtu":	1500,
					"omitted":	false,
					"sender":	true
				}],
			"sum":	{
				"start":	4.000906,
				"end":	5.002389,
				"seconds":	1.0014829635620117,
				"bytes":	3375996,
				"bits_per_second":	26967975.4750293,
				"retransmits":	0,
				"omitted":	false,
				"sender":	true
			}
		}, {
			"streams":	[{
					"socket":	5,
					"start":	5.002389,
					"end":	6.000293,
					"seconds":	0.99790400266647339,
					"bytes":	4284918,
					"bits_per_second":	34351344.326110579,
					"retransmits":	0,
					"snd_cwnd":	611040,
					"rtt":	72057,
					"rttvar":	297,
					"pmtu":	1500,
					"omitted":	false,
					"sender":	true
				}],
			"sum":	{
				"start":	5.002389,
				"end":	6.000293,
				"seconds":	0.99790400266647339,
				"bytes":	4284918,
				"bits_per_second":	34351344.326110579,
				"retransmits":	0,
				"omitted":	false,
				"sender":	true
			}
		}, {
			"streams":	[{
					"socket":	5,
					"start":	6.000293,
					"end":	7.000481,
					"seconds":	1.0001879930496216,
					"bytes":	9283989,
					"bits_per_second":	74257952.0211409,
					"retransmits":	1,
					"snd_cwnd":	450642,
					"rtt":	55835,
					"rttvar":	1057,
					"pmtu":	1500,
					"omitted":	false,
					"sender":	true
				}],
			"sum":	{
				"start":	6.000293,
				"end":	7.000481,
				"seconds":	1.0001879930496216,
				"bytes":	9283989,
				"bits_per_second":	74257952.0211409,
				"retransmits":	1,
				"omitted":	false,
				"sender":	true
			}
		}, {
			"streams":	[{
					"socket":	5,
					"start":	7.000481,
					"end":	8.000316,
					"seconds":	0.99983501434326172,
					"bytes":	9283989,
					"bits_per_second":	74284167.8222134,
					"retransmits":	0,
					"snd_cwnd":	490105,
					"rtt":	44373,
					"rttvar":	815,
					"pmtu":	1500,
					"omitted":	false,
					"sender":	true
				}],
			"sum":	{
				"start":	7.000481,
				"end":	8.000316,
				"seconds":	0.99983501434326172,
				"bytes":	9283989,
				"bits_per_second":	74284167.8222134,
				"retransmits":	0,
				"omitted":	false,
				"sender":	true
			}
		}, {
			"streams":	[{
					"socket":	5,
					"start":	8.000316,
					"end":	9.000307,
					"seconds":	0.999990999698639,
					"bytes":	10127988,
					"bits_per_second":	81024633.2461169,
					"retransmits":	0,
					"snd_cwnd":	515565,
					"rtt":	51731,
					"rttvar":	1085,
					"pmtu":	1500,
					"omitted":	false,
					"sender":	true
				}],
			"sum":	{
				"start":	8.000316,
				"end":	9.000307,
				"seconds":	0.999990999698639,
				"bytes":	10127988,
				"bits_per_second":	81024633.2461169,
				"retransmits":	0,
				"omitted":	false,
				"sender":	true
			}
		}, {
			"streams":	[{
					"socket":	5,
					"start":	9.000307,
					"end":	10.000348,
					"seconds":	1.0000410079956055,
					"bytes":	9543681,
					"bits_per_second":	76346317.190560162,
					"retransmits":	0,
					"snd_cwnd":	529568,
					"rtt":	66491,
					"rttvar":	383,
					"pmtu":	1500,
					"omitted":	false,
					"sender":	true
				}],
			"sum":	{
				"start":	9.000307,
				"end":	10.000348,
				"seconds":	1.0000410079956055,
				"bytes":	9543681,
				"bits_per_second":	76346317.190560162,
				"retransmits":	0,
				"omitted":	false,
				"sender":	true
			}
		}],
	"end":	{
		"streams":	[{
				"sender":	{
					"socket":	5,
					"start":	0,
					"end":	10.000348,
					"seconds":	10.000348,
					"bytes":	64538554,
					"bits_per_second":	51629046.509181477,
					"retransmits":	23,
					"max_snd_cwnd":	611040,
					"max_rtt":	338054,
					"min_rtt":	41936,
					"mean_rtt":	93996,
					"sender":	true
				},
				"receiver":	{
					"socket":	5,
					"start":	0,
					"end":	10.255613,
					"seconds":	10.000348,
					"bytes":	63055509,
					"bits_per_second":	49187120.457840987,
					"sender":	true
				}
			}],
		"sum_sent":	{
			"start":	0,
			"end":	10.000348,
			"seconds":	10.000348,
			"bytes":	64538554,
			"bits_per_second":	51629046.509181477,
			"retransmits":	23,
			"sender":	true
		},
		"sum_received":	{
			"start":	0,
			"end":	10.255613,
			"seconds":	10.255613,
			"bytes":	63055509,
			"bits_per_second":	49187120.457840987,
			"sender":	true
		},
		"cpu_utilization_percent":	{
			"host_total":	3.261198246022968,
			"host_user":	0.068545445786275042,
			"host_system":	3.1926722650800223,
			"remote_total":	1.1521788050860591,
			"remote_user":	0.0818488380773524,
			"remote_system":	1.0703294060505886
		},
		"sender_tcp_congestion":	"cubic",
		"receiver_tcp_congestion":	"cubic"
	}
}
